0x0204e62e67db08f5e36b154eeff040,0x86be549fb185146aaaaa790b4a3f40
0x0404ce03fef5d73efbf1e3155fff00,0x96c06c7cbea8ca2aaaaa73e6e4ff40
0x06fffffffe00000112309289e24740,0xa8229c73173386eaaaaa7996c27f40
0x073993015555555555555555555540,0x95554241c0004aeaaaaa6e6441bf40
0x0835555555500aaaaaaaaaaaaaaa80,0xaaaabd5f7073ffeaaaaa77c935bf40
0x0095555555555555555555555248c0,0xad05e3500fb8272aaaaa5241973f40
0x0095555555555555555555555248c0,0xad064142cac3406aaaaa6a14f73f40
0x0095555555555555555555555248c0,0xad06e9bdbe5e5aeaaaaa7369483f40
0x0095555555555555555555555248c0,0xad07466583b0f8aaaaaa5743a9bf40
0x0095555555555555555555555248c0,0xad07c645bada46aaaaaa4584dc7f40
0x0104cfbe0432bb5d539dc48fa54ac0,0x8276fd82c028166aaaaa525a337f40
0x0304ffeac40dd4bd600241c8053e00,0xb99ad7e2fe0d97aaaaaa459e38ff40
0x052eff17f1207e9f9289247684aa80,0xaaaa9e2257f3cc2aaaaa76cd40ff40
0x0095555555555555555555555248c0,0xad09c9bf14bf4caaaaaa7d201abf40
0x0095555555555555555555555248c0,0xad0a71f70f80002aaaaa45efa8ff40